,name,product_info,price,availability
0,Hatozaki Blended Japanese Whisky,70cl / 40%,£29.95,In Stock
1,Akashi Red,50cl / 40%,£30.45,In Stock
2,Suntory Torys Classic,70cl / 37%,£30.45,In Stock
3,Suntory Toki,70cl / 43%,£31.95,In Stock
4,Tokinoka White Blended Whisky,50cl / 40%,£32.95,In Stock
5,Akashi Blended Whisky,50cl / 40%,£32.95,In Stock
6,"Suntory Toki
Glass Pack",70cl / 43%,£34.95,In Stock
7,Nikka Days and Popcorn Bundle,70cl / 40%,£39.95,In Stock
8,Nikka Days,70cl / 40%,£39.95,In Stock
9,"The Tottori Blended
Kurayoshi",70cl / 43%,£42.95,In Stock
10,Mars Kasei Blended Whisky,70cl / 40%,£42.95,In Stock
11,Nikka From the Barrel,50cl / 51.4%,£42.95,In Stock
12,Togouchi Premium Blended Whisky,70cl / 40%,£45.25,In Stock
13,"The Tottori Bourbon Cask
Kurayoshi",70cl / 43%,£46.45,In Stock
14,Nikka Pure Malt Red,50cl / 43%,£46.45,In Stock
15,Hatozaki Pure Malt Japanese Whisky,70cl / 46%,£47.45,In Stock
16,Tokinoka Black Blended Whisky,50cl / 50%,£47.95,In Stock
17,The Chita Whisky,70cl / 43%,£49.95,In Stock
18,"Super Nikka
Rare Old",70cl / 43%,£51.45,In Stock
19,Yamazakura Black Label Whisky,70cl / 40%,£54.95,In Stock
20,Mars Maltage Cosmo,70cl / 43%,£55.95,In Stock
21,Nikka Coffey Grain Whisky,70cl / 45%,£56.95,In Stock
22,Suntory Kakubin Yellow Label,70cl / 40%,£59.45,In Stock
23,Nikka Coffey Malt Whisky,70cl / 45%,£60.95,In Stock
24,"Nikka Taketsuru Pure Malt
2020 Release",70cl / 43%,£61.95,In Stock
25,Hakushu Distiller's Reserve,70cl / 43%,£66.95,In Stock
26,Yamazaki Distiller's Reserve,70cl / 43%,£68.95,In Stock
27,Ichiro's Malt & Grain Japanese Whisky,70cl / 46.5%,£69.95,In Stock
28,Suntory Hibiki Harmony,70cl / 43%,£71.45,In Stock
29,Akashi Single Malt Whisky,50cl / 46%,£73.75,In Stock
30,Miyagikyo Single Malt,70cl / 45%,£75.95,In Stock
31,Yoichi Single Malt,70cl / 45%,£75.95,In Stock
32,"Yamazakura 963
8 Year Old",70cl / 59%,£77.95,In Stock
33,Togouchi Whisky 12 Year Old,70cl / 40%,£81.25,In Stock
34,Kaiyo Mizunara Oak,70cl / 43%,£82.95,In Stock
35,Nikka Taketsuru Pure Malt,70cl / 43%,£84.95,In Stock
36,Kaiyo Peated Mizunara Oak,70cl / 46%,£99.95,In Stock
37,Nikka Tailored,70cl / 43%,£110,In Stock
38,Kaiyo Mizunara Oak Cask Strength,70cl / 53%,£110,In Stock
39,"Ichiro's Malt Double Distilleries
(46.5%)",70cl / 46.5%,£115,In Stock
40,Ichiro's Malt Wine Wood Reserve,70cl / 46.5%,£115,In Stock
41,"Ichiro's Malt MWR
Mizunara Wood Reserve",70cl / 46.5%,£115,In Stock
42,The Nikka 12 Year Old,70cl / 43%,£125,In Stock
43,Yamazaki 12 Year Old,70cl / 43%,£135,In Stock
44,"Akashi 5 Year Old
Sherry Cask Half Litre",50cl / 50%,£150,In Stock
45,Hakushu 12 Year Old,70cl / 43%,£175,In Stock
46,Hakushu 10 Year Old,70cl / 40.5%,£375,In Stock
47,Miyagikyo 10 Year Old,70cl / 45%,£450,In Stock
48,"Suntory Whisky Excellence
Bot.1980s",75cl / 43%,£500,In Stock
49,"Chichibu On The Way
Bot.2015 Ichiro's Malt",70cl / 55.5%,£500,In Stock
50,Yoichi 10 Year Old,70cl / 45%,£500,In Stock
51,"Yamazaki 10 Year Old
Bot.2000s",70cl / 40%,£550,In Stock
52,Miyagikyo 12 Year Old,70cl / 40%,£550,In Stock
53,Suntory Hibiki 17 Year Old,70cl / 43%,£550,In Stock
54,"Suntory Hibiki 12 Year Old
Half Litre",50cl / 43%,£550,In Stock
55,Hakushu 18 Year Old,70cl / 43%,£600,In Stock
56,Suntory Hibiki 12 Year Old,70cl / 43%,£750,In Stock
57,Yoichi 12 Year Old,70cl / 45%,£750,In Stock
58,Yamazaki 18 Year Old,70cl / 43%,£795,In Stock
59,Nikka Taketsuru 21 Year Old,70cl / 43%,"£1,000",In Stock
60,Miyagikyo 15 Year Old,70cl / 40%,"£1,000",In Stock
61,"Nikka Taketsuru 21 Year Old
80th Anniversary",70cl / 48%,"£1,200",In Stock
62,"Chichibu Peated 2012
Cask #2088 TWE Exclusive",70cl / 63.2%,"£1,300",In Stock
63,Yamazaki Bourbon Barrel,70cl / 48.2%,"£1,500",In Stock
64,"Hanyu 2000
Cask #359 No 1 10th Anniversary",70cl / 56.6%,"£1,500",In Stock
65,"Hanyu 2000 Final Vintage
15 Year Old Ichiro's Malt",70cl / 46.5%,"£1,750",In Stock
66,"Karuizawa Spirit of Asama
48%",70cl / 48%,"£1,750",In Stock
67,"Suntory Hibiki Harmony
30th Anniversary Edition",70cl / 43%,"£1,800",In Stock
68,"Chichibu 2013 Sherry Oloroso Cask
Velier 70th Anniversary",70cl / 61.9%,"£1,800",In Stock
69,"Ichiro's Malt & Grain
Japanese Blended Whisky 2020",70cl / 48.5%,"£2,000",In Stock
70,"Karuizawa Spirit of Asama
55%",70cl / 55%,"£2,000",In Stock
71,"Hanyu 2000
Cask 362 TWE Bottling",70cl / 56.1%,"£2,500",In Stock
72,Yoichi 20 Year Old,70cl / 52%,"£3,000",In Stock
73,"Chichibu 2010
Cask #1000",70cl / 62.2%,"£3,250",In Stock
74,"Chichibu 2009
10 Year Old Artist International 10th Anniversary",70cl / 56.5%,"£3,500",In Stock
75,"Nikka Yoichi 1987
18 Year Old Cask #254816",70cl / 49%,"£3,500",In Stock
76,"Yamazaki Mizunara
Bot.2011",70cl / 48%,"£5,000",In Stock
77,"SMWS 116.1 (Yoichi)
1986 16 Year Old",70cl / 56.6%,"£5,000",In Stock
78,"Hanyu
The Joker Colour Label",70cl / 57.7%,"£7,500",In Stock
79,"Karuizawa 1984
28 Year Old Cocktail Series",70cl / 59.3%,"£8,000",In Stock
80,"Karuizawa 1980
Bot.2015",70cl / 61.6%,"£9,000",In Stock
81,"Karuizawa 1981
Sherry Cask #6056",70cl / 60.3%,"£9,500",In Stock
82,"Karuizawa 1984
First Fill Sherry Cask #4021",70cl / 64.5%,"£9,500",In Stock
83,"Hanyu 1990
Queen of Hearts Cask #9102",70cl / 54.6%,"£25,000",In Stock
84,"Karuizawa 30 Year Old
Aika Geisha Sherry Cask #5347",70cl / 58.2%,"£25,000",In Stock
85,"Hanyu 1985 The Joker
Monochrome Label",70cl / 54.9%,"£60,000",In Stock
